passenger_id,full_name,card_type,created_at
P1001,Passenger_1,Senior,2026-05-25
P1002,Passenger_2,Senior,2026-08-05
P1003,Passenger_3,Pass,2026-06-03
P1004,Passenger_4,Standard,2026-06-23
P1005,Passenger_5,Standard,2026-06-01
P1006,Passenger_6,Senior,2026-05-22
P1007,Passenger_7,Senior,2026-05-29
P1008,Passenger_8,Student,2026-05-12
P1009,Passenger_9,Standard,2026-08-05
P1010,Passenger_10,Student,2026-07-04
P1011,Passenger_11,Standard,2026-07-12
P1012,Passenger_12,Standard,2026-06-23
P1013,Passenger_13,Senior,2026-06-13
P1014,Passenger_14,Senior,2026-07-21
P1015,Passenger_15,Senior,2026-06-26
P1016,Passenger_16,Student,2026-05-17
P1017,Passenger_17,Senior,2026-05-13
P1018,Passenger_18,Standard,2026-05-25
P1019,Passenger_19,Student,2026-06-03
P1020,Passenger_20,Student,2026-07-21
P1021,Passenger_21,Pass,2026-06-23
P1022,Passenger_22,Senior,2026-05-21
P1023,Passenger_23,Student,2026-05-15
P1024,Passenger_24,Senior,2026-08-03
P1025,Passenger_25,Student,2026-08-06
P1026,Passenger_26,Senior,2026-06-20
P1027,Passenger_27,Senior,2026-08-02
P1028,Passenger_28,Student,2026-05-30
P1029,Passenger_29,Senior,2026-07-14
P1030,Passenger_30,Pass,2026-06-21
P1031,Passenger_31,Pass,2026-07-23
P1032,Passenger_32,Senior,2026-07-24
P1033,Passenger_33,Student,2026-05-31
P1034,Passenger_34,Senior,2026-05-28
P1035,Passenger_35,Pass,2026-05-28
P1036,Passenger_36,Pass,2026-06-25
P1037,Passenger_37,Student,2026-07-24
P1038,Passenger_38,Pass,2026-07-30
P1039,Passenger_39,Standard,2026-07-27
P1040,Passenger_40,Student,2026-05-22
P1041,Passenger_41,Student,2026-05-15
P1042,Passenger_42,Pass,2026-05-26
P1043,Passenger_43,Standard,2026-06-22
P1044,Passenger_44,Pass,2026-05-26
P1045,Passenger_45,Pass,2026-06-04
P1046,Passenger_46,Senior,2026-06-01
P1047,Passenger_47,Standard,2026-05-15
P1048,Passenger_48,Standard,2026-05-15
P1049,Passenger_49,Senior,2026-05-20
P1050,Passenger_50,Senior,2026-07-27
P1051,Passenger_51,Senior,2026-06-16
P1052,Passenger_52,Student,2026-06-13
P1053,Passenger_53,Standard,2026-07-08
P1054,Passenger_54,Student,2026-06-07
P1055,Passenger_55,Standard,2026-05-22
P1056,Passenger_56,Senior,2026-05-21
P1057,Passenger_57,Student,2026-07-22
P1058,Passenger_58,Senior,2026-07-21
P1059,Passenger_59,Standard,2026-05-26
P1060,Passenger_60,Senior,2026-06-09
P1061,Passenger_61,Standard,2026-07-27
P1062,Passenger_62,Senior,2026-07-02
P1063,Passenger_63,Student,2026-08-03
P1064,Passenger_64,Student,2026-05-30
P1065,Passenger_65,Standard,2026-07-31
P1066,Passenger_66,Pass,2026-08-02
P1067,Passenger_67,Student,2026-07-25
P1068,Passenger_68,Pass,2026-06-01
P1069,Passenger_69,Student,2026-07-08
P1070,Passenger_70,Pass,2026-07-14
P1071,Passenger_71,Student,2026-07-02
P1072,Passenger_72,Pass,2026-05-17
P1073,Passenger_73,Senior,2026-06-15
P1074,Passenger_74,Pass,2026-07-26
P1075,Passenger_75,Student,2026-07-13
P1076,Passenger_76,Standard,2026-06-28
P1077,Passenger_77,Standard,2026-05-27
P1078,Passenger_78,Student,2026-05-27
P1079,Passenger_79,Student,2026-08-10
P1080,Passenger_80,Standard,2026-05-12
P1081,Passenger_81,Standard,2026-07-12
P1082,Passenger_82,Standard,2026-08-06
P1083,Passenger_83,Senior,2026-08-01
P1084,Passenger_84,Student,2026-07-06
P1085,Passenger_85,Pass,2026-07-14
P1086,Passenger_86,Student,2026-05-29
P1087,Passenger_87,Pass,2026-07-10
P1088,Passenger_88,Pass,2026-06-19
P1089,Passenger_89,Student,2026-07-29
P1090,Passenger_90,Standard,2026-05-18
P1091,Passenger_91,Pass,2026-06-26
P1092,Passenger_92,Pass,2026-06-19
P1093,Passenger_93,Pass,2026-08-04
P1094,Passenger_94,Standard,2026-08-03
P1095,Passenger_95,Pass,2026-06-28
P1096,Passenger_96,Standard,2026-07-10
P1097,Passenger_97,Student,2026-07-17
P1098,Passenger_98,Pass,2026-07-24
P1099,Passenger_99,Pass,2026-07-18
P1100,Passenger_100,Senior,2026-06-12
